{"mean": [[86.76622238935151, 86.92263624600774, 92.04361694688998]], "std": [[62.70248875314798, 63.272612557762834, 65.16498359345519]]}