{"mean": [[94.58919054671311, 101.76960119823667, 109.7119184903159]], "std": [[60.4976600980992, 61.531615689196876, 62.836912383122076]]}